,brand
0,21ST CENTURY ARTHRI FLEX
1,"4620CA, ROKU 2 (COOPER), CA SKU"
2,A CHEERFUL GIVER
3,A TASTE OF THAI
4,A1
6,ACTION LABS POWER MAX 2000
8,ADIRONDACK
9,ADJ
11,AKM
12,ALBA BOTANICA VERY EMOLLIENT
13,ALEKSANDROVIC
18,ALLIANCE
19,ALPINE BEER COMPANY NELSON IPA
20,ALSUM SWEET CORN
21,ALTOIDS SMALLS
22,AMBROSOLI
26,AMOPE PEDI PERFECT
27,AMORE MIO BY JEANNE ARTHES
29,ANDIS PRO DRY
30,ANGRY ORCHARD APPLE GINGER HARD CIDER
31,ANNYNICE
32,ANP LIGHTING
33,APPLE
37,ARCHAEOLOGY NO 8
38,ARM & HAMMER COMPLETE CARE
39,ARMOUR LUNCH MAKERS CRACKER CRUNCHERS
40,ARNOLD BROWNBERRY OROWEAT ORGANIC
43,ARROWHEAD MILLS
44,ART 101
45,ARTURO FUENTE
46,ASHAPOPS
47,AUGUST SCHELLS DARK AMERICAN DARK LAGER
48,AUKUY
50,AVA BY KC
51,AXE YOU
52,AYNAT FUN
53,B BABYGANICS
54,B'CUZ
56,BACARDI SUPERIOR
58,BACTIMICINA
61,BANANA BOAT SPORT PERFORMANCE COOL ZONE
62,BANYAN BOTANICALS
64,BARE MINERALS ORIGINAL
68,BARK & HARVEST
71,BAUMAN ORCHARDS
72,BAXTER OF CALIFORNIA
74,BEAU BIEN FINE FOODS
75,BEAUT.BEAUTYCO
78,BEKINTTING
79,BELEI
80,BELL & HOWELL VACUTRIM
81,BERT ANDERSON COLLECTION
86,BEYOND GOOD
89,BICYCLE
91,BIG SEXY HAIR SPRAY & PLAY HARDER
93,BIKASE
97,BIOITALIA
99,BIRD WATCHERS
103,BLAUM BROS
104,BLOOMGASM
105,BLOSSOM FLORAL FRIGHTS
113,BOCA
114,BOIRON ARNICARE
116,BOOKBINDERS
117,BOOMER BELT
118,BOPPY ORIGINAL
119,BOSS HUGO BOSS
120,BRAVAGO
121,BRAWNY FULL SHEET
122,BREADSMITH
123,BREYERS 2 IN 1
124,BRIOCHE PASQUIER
127,BRUSH BUDDIES HOT WHEELS
128,BUFFALO
129,BURBERRY THE BEAT
130,BURMA SHAVE
131,"BURROW, INC."
132,BURUKA
133,BUSHMILLS RED BUSH
134,BUZZBOX
135,BVLGARI BLACK
136,C BAY
137,C2O
142,CALVIN KLEIN ESCAPE
143,CAMELBAK CHUTE
144,CANDLE LITE LIMITED EDITION
147,CANVAS STYLE
149,CAPRI BLUE
150,CARDINAL PEPPA PIG
154,CARLYLE
155,CAROLS DAUGHTER MONOI
157,CATERING ESSENTIALS
158,CATSTUDIO
159,CAVALLI
160,CEDAR CREST
163,CENTENNIAL SCIENCE
164,CENTRUM SILVER
165,CHAMPION ELITE
166,CHARLES DE CAZANOVE
167,CHELLY
168,CHIAPPETTI
169,CHICAGO SWEET CONNECTION
170,CHIO STICKLETTI
171,CHIX SOUP CO
175,CKJLLC
176,CKK RAISE THE BAR
179,CLAWHAMMER
180,CLEAN IT UP WITH COTTON BAG OF RAGS
181,CLEARBROOK FARMS
182,CLEOBELLA
183,COATS & TAILS
188,COLAVITA RACHAEL RAY
189,COLBY RIDGE
192,COLOR CLUB GAME DAY DUO NCAA MICHIGAN STATE
193,COLOURPOP SUPER SHOCK
194,COMERCIAL MEXICANA
195,COMPAGNIE DE PROVENCE
196,COMPLETE LIGHTS
199,CONFLUENCE CAPITAL GOLD GOLDEN LAGER
203,COOLA BARE REPUBLIC CLEARSCREEN
206,COPPER FIT AIR
209,CORSOS COOKIES
211,COTTON MOUTH
212,COTY LADY STETSON
218,COUTURE COUTURE BY JUICY COUTURE
222,CRACKER JACK
223,CRAFTED
224,CREATIVE CONVERTING NFL SUPER BOWL 50
225,CREPE ERASE TRUFIRM COMPLEX
226,CREST 3D WHITESTRIPS
227,CREST COMPLETE MULTI BENEFIT PLUS SCOPE
232,CUCKOO LUCKOO
234,CUMBERLAND GAP
235,CURVE CRUSH
236,CUTTY SARK
237,CYCLOPS
238,DAILYS
239,DAN & DEBBIES CREAMERY
240,DAS LABS LLC
241,DEGREE BODY RESPONSIVE
242,DEGREE EXPERT PROTECTION MOTION SENSE
243,DEJA BLUE
244,"DENIK, LLC"
245,DENTEMP RELINE IT
246,DERMABLEND PROFESSIONAL QUICK FIX
247,DERMALOGICA AGE SMART
248,DESERT ESSENCE
249,DESIGNWARE SHIMMER & SHINE
250,DEWENWILS
251,DIABETES DOCTOR
252,DIAL EXPORT
253,DIAMOND PEAK
254,DIET MTN DEW
255,DIMOCK CHEESE
256,DISARONNO
257,DJARUM BLACK
259,DOGSWELL HAPPY HIPS JERKY BARS
260,DOLCE & GABBANA LIGHT BLUE FOREVER
261,DOMAINE SERENE
262,DONOVAN PARKE
263,DONT GO NUTS
264,DOUBLE D
265,DOVE ADVANCED CARE
266,DOVE MEN PLUS CARE ELEMENTS
268,DR MIRACLES TEMPLE & NAPE
269,DR SCHOLLS STYLISH STEP
270,DULLES GLASS AND MIRROR
271,DURSTEN
272,DUTCH MASTERS
273,DWELL STUDIO FOR THERMOS
276,DYNAMIK
277,E&S PETS
278,EAGLE TORCH
280,EARRING SET
281,EARTH KIND STAY AWAY
282,EASOTIC® OTIC SUSPENSION FOR DOGS 10 ML
283,EASY STRETCH BY BUTTER-SOFT
284,EDA
285,EDMOND FALLOT
286,EL SABROSO
287,ELECTROSPORT
288,ELITE POWER
289,EMERGEN C IMMUNE PLUS
290,ENDORPHIN RUSH
291,ENERGIZER RECHARGE
292,ENTERTAINMENT RETAIL GUARDIANS OF THE GALAXY
293,ENVIE
294,EOTS
295,ESPEEZ
297,ESSIE EXPRESSIE
299,ESW BEAUTY
300,ETHNIC BREADS
301,EVOBAR
302,FABULOSO
303,FAIR
304,FAMILY MEDICAL AIDS
305,FANNIE MAY
306,FANTASY FOOTBALL PRO FORECAST
307,FARM HOUSE
308,FAT & THE MOON
309,FAYGO BLUE MOON MIST
310,FEBREZE AUTO
311,FEHHTO
312,FELIPE II
314,FETTE FILTER
315,FIELDCREST FARM NOTHIN TO HIDE
316,FILLER
317,FINESSE
318,FIRST CHOICE CANDY
319,FISHERS ISLAND LEMONADE
320,FIXODENT
321,FLAT TUMMY
322,FLIGHT JOURNAL
323,FLORADIX FLORAVITAL
324,FLOWER STYLE EYES
325,FORTANT HILLS RESERVE
326,FOUR PEAKS 8TH STREET ALE
327,FRANCESTOWN VILLAGE FOODS
328,FREEZEBOX 2021
329,FRESH NUTRITION
330,FRESH ROASTED COFFEE
334,FROM THE GROUND UP
335,FROMM FAMILY GOLD
336,FROZEN DESSERT SUPPLIES
337,FRUIT 66
338,FUERZA
339,FULTON HARD SELTZER LEMONADE
340,G E ENERGY SMART
341,G K CONNAISSEUR
342,G MASON CELEBRATE WITH HERSHEYS KISSES
343,GABRIELLAS KITCHEN SKINNY PASTA
344,GAFCHROMIC™
345,GAME LEAF
346,GAMESA SALADITAS
347,GANGNAM KIMCHI
348,GARANIMALS 365 KIDS
349,GARBERS
350,GARNIER OLIA
351,GATTEGNO BROS
352,GENERAL MILLS CINNAMON TOAST CRUNCH
353,GEOGRAPHY
354,GERBER WONDERFOODS
355,GHANA TASTE
356,GIBSON
357,GIFBERA
358,GIFT BOUTIQUE
361,GINSEY
362,GIORGIO
363,GLAMGLOW GLOWSETTER
364,GLICO POCKY
365,GLO MELANIN
366,GNC HERBAL PLUS
367,GOLD EAGLE
368,GOLDEN HARVEST GREEN 6OZ BAG
369,GOLDEN ROAD MANGO CART MANGO WHEAT ALE
370,GOLDILOCKS
371,GOMACRO
372,GONZO
374,GOOD HUMOR GIRL SCOUTS
378,GOODSENSE EASY GRIP
379,GOURMANITY
380,GOYA ADOBO
381,GRACO NAUTILUS
382,GRAN CENTENARIO
384,GREEN FABWOOD
385,GREENS INDIA PALE ALE
388,GUAMA
389,GUESS NIGHT ACCESS
390,GUNDRY MD
392,HABBIE
395,HALOCIGS
396,HALSTON
397,HANDCRAFT BLENDS
398,HANDI FOIL ECO FOIL
399,HAPPY HOURS
400,HARMONY FUSION
401,HARRY & DAVID
403,HAWAIIAN ISLES KONA COFFE
407,HEALTH WARRIOR CHIA BAR
409,HEFTY STRONG
410,HEINIS ORIGINAL YOGURT CHEESE
411,HELIOS COFFEE
412,HELLER ESTATE
413,HELLO BELLO
414,HEMP SEED
415,HERBAL ESSENCES COLOR ME HAPPY
416,HERBAPOL
417,HERITAGE STORE HPM
418,HESS MAVERICK RANCHES
419,HIC
420,HIDDEN VALLEY
425,HILLBILLY
426,HILTYS BEE YARDS
427,HIMALAYAN HANDMADE CANDLES
428,HK COSMETICS
429,HOARDS BAKERY
430,HOLLYWOOD BEAUTY
431,HOME LOGIC
432,HOUSE BRAND
433,HUEL
434,HUGO
435,HYP DC COMICS WONDER WOMEN
436,ILTACO PUFF
437,IMG CITRUS
438,IMPERIA
439,INABA
440,INCAS HERBS
441,INCONTROL
442,INLAND MARKET PREMIUM FOODS
443,INNZA
444,INSTANT POWER
446,IQ BEAUTY
447,IT’S HARD TO BE MEAN
448,IVORY SNOW
450,JACQUES MORET FUZZY BABBA
451,JAMAICA BLUE MOUNTAIN
453,JANIE AND JACK
454,JENKO
455,JESSES WAKEUP
456,JFC
457,JIM BEAM BLACK LABEL
458,JKIOCEAN
459,JOIE PIGGY WIGGY
460,JONES WEAR
461,JOSEPH DROUHIN
462,JOURNEYMAN-PRO
463,JURA
464,K Y WARMING
465,KADOBAR HEXA BAR
467,KALOVIN
468,KAROUN
469,KATE SOMERVILLE ERADIKATE
471,KAZMALEJE
472,KELLOGGS FROSTED MINI WHEATS LITTLE BITES
473,KENOX
474,KENS CHEFS RESERVE
475,KERATIN COMPLEX INFUSION THERAPY
476,KEURIG
479,KIMBALL BROOK FARM
484,KISS BARE BUT BETTER
485,KISS FASHION DESIGN
486,KITTY
487,KLAIRE LABS
488,KLASS
490,KNEE DEEP CITRA EXTRA PALE ALE
491,KOHLER
492,KOKIE LASH EUPHORIA
493,KOR BERT
494,KORE ORGANIC
495,KRADLE
496,KRAKUS
497,KRUTO
498,KUSHKARDS
504,LA YOGURT
505,LABRADA LEAN BODY
506,LADORADA
507,LAFLARE
508,LAKESIDE
509,LAKEVIEW FARMS THE CHEESECAKE FACTORY
510,LANCOME ADVANCED GENIFIQUE & ADVANCED GENIFIQUE YEUX LIGHT PEARL
511,LANGERS DISNEY JUNIOR
512,LAVAZZA BLUE
513,LAVIE
516,LEAFY8 LLC
518,LEE KUM KEE
519,LEMON
520,LENOX HOLIDAY
521,LEONARD NOVELTY BAKERY
522,LESSER EVIL
523,LICKINGHOLE CREEK ESTATE SERIES GENTLEMAN FARMER FRESH HOP ALE
524,LIFESMART
525,LINDSAY
526,LIP SMACKER MARVEL CAPTAIN AMERICA
527,LITEHOUSE
528,LIVING TREE
529,LMX MEN
530,LOBO
531,LOCAL CRATE
533,LOGO BRANDS NCAA IOWA HAWKEYES
538,LUTH-AR
539,LYSOL NO TOUCH
540,M C SWEETS
541,M&B
542,M3 NATURALS
544,MAGIC LIGHT
545,MAGNA TILES
546,MAKARTT
547,MAM
548,MARA BAGIX MARAPINA
551,MARGARITA'S CAZUELITAS LLC
554,MARSHALLS CREEK SPICES
555,MASCOT WEAR NFL CHICAGO BEARS
559,MATTS
560,MAURO
561,MAYBELLINE CHEEK HEAT
566,MCFADDEN
567,ME GUSTA MEXICAN FOOD SPECIALTIES
568,MEDIHEAL
569,MEDIX SELECT ARTERIN
570,MELISSAS
571,MEPILEX
572,MERIDIAN POINT KITCHEN ADDITIONS
573,MERRICK PURRFECT BISTRO
574,METHOD BODY
575,MFM
576,MICHELE CHIARLO NIVOLE
577,MIDWEST FRESH
578,MIKES MAINE
579,MINI BABYBEL
580,MISSION
581,MODERN LITTLES
582,MODUCARE
583,MOJO
584,MONBEBE
585,MONSOON KITCHENS
586,MOOSEHEAD PALE ALE
587,MORPHE 2
590,MOVEMENT BY BUTTER-SOFT
591,MOXIE
592,MP ARNOLD IRON PUMP
593,MTN DEW ENERGY
594,MUCINEX
595,MUNCHKIN SNAIL STACKER
596,MVP FEBREZE HOME COLLECTION
597,NABI MAGNETIC
598,NABISCO SOCIABLES
602,NATRAPEL PLUS
617,NAVIGATOR
618,NAVY SWEET
619,NEOCELL COLLAGEN SPORT
622,NEWCANDESCENT
623,NIBMOR
624,NICKELODEON SPONGEBOB SQUAREPANTS
625,NIIGATA SAKE SELECTIONS
626,NIKE DRI FIT
627,NILODOR
628,NINTH STREET BAKERY
629,NIP PLUS FAB DETOX BLEND
630,NISSLEY
631,NO NONSENSE TEN TOES SIX SOX
632,NO7 LASH IMPACT
633,NO7 PROTECT & PERFECT
639,NORDIC WARE BUNDTLETTE
640,NORTH COAST FOGGY DAY HAZY IPA
641,NOVEX
644,NUTRAKEY V PRO
645,NUTRAMENT
649,OAKHURST
650,OASIS SUPPLY
651,OBERTO
652,OCEANBLUE
653,OENOPHILIA
654,OKATOMA RIVER
655,OLIVER'S ORGANIC EGGS
656,OLIVINA MEN
657,OMMEGANG NEON RAINBOWS NEW ENGLAND STYLE IPA
658,ONE N ONLY
659,OPEN FARM
661,ORGANIC BATH CO
662,ORTHO HOME DEFENSE MAX
663,OSCAR MAYER
664,OSMIROID
665,OTAFUKU UMAMI CULTURE
666,OTTAVIO
667,OUR FAMILY FARMS
668,P NUFF CRUNCH
669,PACIFIC SHAVING CO
670,PAINT & PETALS
671,PALMER COOKIES & CREME
672,PANERA BREAD
675,PAPER MATE SHARPWRITER
676,PARAMOUNT RESERVE
677,PATELAI
678,PAUL BROWN HAWAII
681,PAWLUXURY
684,PEDS INDULGE YOUR FEET
685,PENTEL RSVP COLORS
686,PEPCID COMPLETE
687,PERDUE SIMPLY SMART ORGANICS
688,PET HALLOWEEN
691,PETS FIRST NFL MINNESOTA VIKINGS
692,PETSTAGES DOGWOOD
693,PFALTZGRAFF EVERYDAY
697,PIM BRANDS WELCHS
698,PINK SUGAR
699,PISELLI
700,PITHITUDE
701,PIXI BY PETRA
702,PIZZA CORNER
703,PLAID FOLK ART
704,PLANET SOX DISNEY MINNIE MOUSE
705,PLANT PERFECT
706,PLAYTEX DIAPER GENIE
707,POBLANO
709,POLENTA VALPADANA
710,POO POURRI
711,PRADA LUNA ROSSA
715,PREP SOLUTIONS
716,PRETZEL PETE
717,PROFUSION CASHMERE
718,PROMIKA SHIELDTEC
720,PURE ENRICHMENT
721,PURINA TIDY CATS INSTANT ACTION
723,QUICKSILVER SCIENTIFIC
724,QUIJOTE
725,R SHEA THREE LEGENDS NEW ENGLAND IPA
726,RAEL
727,RAYGE CANDY
728,RAZBABY RAZ BUDDY
731,REAL TIME PAIN RELIEF
732,RED BULL THE WINTER EDITION
733,REDLAW SAUCE CO
734,REDNECK RIVIERA
736,REGIS DESIGNLINE
739,RENAMED
740,REPLACE POWER®
741,RESURFACE
745,REXONA
746,REYNOLDS CUT RITE
747,RIBBONWICK
751,RITUAL CHOCOLATE
755,ROBINSON ONEIDA APTITUDE
757,ROCKY PATEL VINTAGE 2006 SAN ANDREAS
761,ROUGHNECK
764,RUBIES DISNEY TOY STORY
765,RUZIK
766,RW KNUDSEN FAMILY ORGANIC
767,S BY SHAKIRA
768,SALLY HANSEN DIAMOND STRENGTH
769,SALVATORE FERRAGAMO INCANTO
772,SANTA BRISA DE LA QUEBRADA
774,SARANAC ADIRONDACK TRAIL MIX
776,SAVANNAH BEE COMPANY
777,SAVIOR EQUIPMENT
778,SAZON GOYA
779,SB ORGANICS
780,SB SOX
781,SCHICK HYDRO SILK 5 & SKINTIMATE SKINTHERAPY
782,SCHICK INTUITION PURE NOURISHMENT
783,SCHOOL ZONE
784,SCHRAMSBERG
785,SCHROEDER & TREMAYNE
789,SCONZA
790,SCRUB DADDY SPONGE DADDY
791,SEABORN COCKTAILS
792,SEGGIANO
793,SEIRUS
794,SHALIMAR
795,SHALOM HALLOWEEN DIVA
796,SHAMROCK FARMS ORGANIC
797,SHIKAI TEA TREE
798,SIGNATURE BY ROBERT IRVINE
799,SIMPLEAF
800,SIMPLY PICKED
801,SINCLAIR
802,SINFUL SHINE KING KYLIE
803,SISKIYOU NFL SEATTLE SEAHAWKS
805,SKUNK
806,SKWINKLES ENCHILEITOR
808,"SL HOME FASHIONS, INC"
809,SLOW MAG
811,SMART HEALTH WALKING
813,SMASHBOX PLUS VLADA PETAL METAL
814,SMELLS
815,SMIRNOFF ICE GREEN APPLE BITE
817,SMOOJ PINA COLADA HARD SELTZER SMOOTHIE
819,SNACKMEX
820,SNAUSAGES SCOOBY SNACKS
824,SOCK LAB
825,SOFT CLAWS
826,SOLAR ROAST COFFEE
827,SOPHI
828,SORME BELIEVABLE FINISH
829,SOUTH BEACH DIET
830,SOUTHGATE
832,SPARKLE DENT
833,SPAZAZZ
836,SPIRAL LIGHT CANDLES
837,SPORTULA MLB ST LOUIS CARDINALS
838,SQUARE XL
839,SQUID SOAP
840,SQWINCHER
842,ST TROPEZ
843,STERILITE ULTRA
846,STREAK
847,STREAMLIGHT PROTAC HL X
848,STRIDELINE NCAA WISCONSIN BADGERS
849,STUBBS
850,STUMPTOWN COFFEE ROASTERS
852,SUNDAY CITIZEN
853,SUNNYLIFE
854,SUNSHINE VALLEY
856,SURE MOTIONSENSE
860,SWIFT
861,TABLETOPS GALLERY
862,TANGY ZANGY
863,TARCZYN
864,TASSIMO MAXWELL HOUSE
865,TASTE OF THE WILD
866,TEA FORTE SKIN SMART
867,TECH
871,TERVIS NCAA KENTUCKY WILDCATS
882,THE NATURE UNCUT COMPANY
883,THE NO BAKE COOKIE CO
884,THE POTTED PLANT PLUMS & CREAM BODY WASH 3OZ
888,THERMOS FUNTAINER DISNEY FROZEN
889,THINKSPORT
890,THOMAS DAIRY
891,THREAD PAINT IT
892,THYMES
897,TINGE DAILY
898,TLB JUST A TINT
900,TOP FLIGHT
901,TORBRECK
902,TOUCHSTONE CREAMERY
903,TOWLE LIVING
904,TRAPPIST
906,TROLL SMOKEHOUSE
907,TROLLI SOUR BRITE DIP N CRAWLERS
908,TROPICLEAN FRESH BREATH PLUS
909,TROPIGOOD
910,TRUE ZOO
911,TRURANCH
914,TRUWOMEN
915,TUMMYDROPS
916,TURKEY HILL
917,TURTLE BAY
918,TV Y NOVELAS
919,TWINLAB KRILL ESSENTIALS CARDIO KRILL OIL
920,TWO BROTHERS WOBBLE IPA
921,TWO RIVERS COFFEE
922,TY
923,TYPLASTICS
924,U BY KOTEX
925,UBER
926,ULTRA DOWNY
928,UNEARTHED
930,UNIVERSAL RAZOR NOXZEMA SPA SHAVE
932,URINE OFF
933,US BLUE
934,USA PAN
935,V8 SPLASH SMOOTHIES
938,VAZALORE
939,VERDI SPUMANTE
940,VERSACE EROS
941,VERVET
942,VICTOR QUICK KILL
943,VIKTOR & ROLF FLOWERBOMB
944,VIRGINIA SLIMS SILVER
947,VITAL PROTEINS & JENNIFER ANISTON
949,VOLTIVE
950,VP COLLECTION
953,WARPIGS & THREE FLOYDS LAZURITE IPA
956,WELCHS LIGHT
957,WELLNESS HEALTHY INDULGENCE
958,WELLY HANDY BANDIES
959,WERUVA DOGS IN THE KITCHEN
960,WESTSOY
961,WHIMZEES
964,WHOLESOME GOODNESS
965,WICKED WEED LA BONTE PLUM FARMHOUSE ALE
968,WILDWOOD
969,WILTON COLOR MIST
971,WINNIE'S PICKS
974,WISE FIRE
976,WM
977,WOCKENFUSS
978,WOLFFER NO 139 DRY WHITE CIDER
979,WOOBAMBOO
980,WOODFORD RESERVE
981,WORLDPET
982,WRIGLEYS EXTRA
984,X TRA TOUCH
985,XOCHITL
986,XTEND
987,YES TO GRAPEFRUIT
988,YIZMO
989,YUM
990,YUMEARTH ORGANIC GIGGLES
991,ZACKS BAKE SHOP
993,ZAGG CASES
998,ZOELLA
999,ZOMBICIDE FANTASY
